token,idf
me,3.411166933944829
excuse,7.734195227856755
your,4.068499109198476
forms,7.083607661715606
you,1.9742424817334996
do,2.696160959572385
have,3.449459900792253
yeah,3.81718468091757
them,4.8346068148556665
see,4.387219400361239
let,5.125351676837993
problem,6.368954275934697
is,3.2390259370829924
a,2.7760235032962406
there,4.024696486540083
line,5.390788140342455
in,3.421161464669825
who,5.423311332048014
told,5.776450621154439
this,3.518370768096945
get,4.037016970928123
to,2.437128643210371
did,3.9633518358913884
were,5.169245870395218
the,2.6611069191139496
standing,6.248809964092634
beginning,7.916516784650709
and,2.82399433108227
directed,9.52595469708481
at,4.260677184614973
out,4.039085223992183
filling,9.120489588976646
if,4.13688296726831
particular,6.961005339623274
tell,5.150197675424524
form,6.02944713561833
are,4.085703834648107
i,1.9062304833021402
okay,4.2301404607548925
but,3.6370767387519294
change,8.273191728589442
it,2.4300614759872787
well,3.64962045723046
what,3.0994662396271195
of,3.150078451066496
different,6.58151571791837
id,6.7225943161782755
need,5.009615724803335
for,3.585783444364379
ca,4.404971345819689
fill,6.555540231515109
not,3.583155321958109
going,3.7974796098382377
my,3.7813502279083537
why,4.335779489156477
getting,6.01440925825379
here,4.060006489152823
wallet,8.609663965210654
was,3.83559524276075
stolen,8.609663965210654
an,5.359289473283083
another,6.30707887221661
actually,5.928642436496364
set,6.923265011640426
no,3.5990286711143993
prove,7.821206604846385
how,4.390156260034548
supposed,5.824652722972317
person,6.457901761951193
place,6.176050609810205
am,5.143928062410929
first,5.6443908991413725
without,7.083607661715606
does,5.156506844617788
just,3.354254099673895
along,7.385888533588539
know,3.0224153068104056
send,6.635582939188645
pass,7.04104804729681
separate,9.52595469708481
one,4.549220954664236
birth,7.511051676542546
like,3.4078574990434625
certificate,7.328730119748591
passport,8.273191728589442
school,6.1937501869096065
anything,5.242368135224181
go,4.112078989902502
student,8.273191728589442
hell,5.970606635595397
has,5.915036784440586
cards,8.609663965210654
file,7.511051676542546
yes,4.768063424079055
credit,8.4273424084167
things,5.343904554443604
on,3.9633518358913884
any,5.270341987266587
that,2.623211959926217
keep,6.248809964092634
we,3.350087426979049
access,9.120489588976646
control,7.5800445480294965
people,5.009615724803335
they,4.049491145153299
so,3.52453981912366
complicated,8.273191728589442
when,4.862515602972743
understand,5.351567427189173
simple,8.4273424084167
been,4.738462954302764
working,6.692741353028594
long,5.065810283146977
too,4.977354862585113
clearly,8.4273424084167
or,4.721933652351554
something,4.746831203973281
supervisor,7.328730119748591
fine,5.849654025177734
be,3.6853130397114118
huh,6.1415644337390365
right,3.9201526307888126
want,3.8787425739170036
back,4.693648938512972
would,4.5253697388420555
appreciate,8.273191728589442
saw,6.8179044959826
letter,7.511051676542546
mail,7.916516784650709
fair,7.174579439921333
done,6.368954275934697
already,6.481432259361387
much,4.982659914814806
put,5.901613764108445
request,8.609663965210654
everybody,7.04104804729681
make,5.054315903721242
guess,5.574710978503383
sacrifices,9.52595469708481
sacrifice,9.120489588976646
made,6.39046048115566
think,4.35831565417889
though,6.108228013471444
more,5.465511686538391
given,7.385888533588539
baby,6.923265011640426
leave,6.01440925825379
can,3.9595204135798325
new,5.491714058932415
kid,6.58151571791837
then,4.366899397870281
over,5.390788140342455
babies,9.120489588976646
mothers,9.52595469708481
with,3.9595204135798325
about,4.316468544243389
crying,8.13966033596492
choice,7.328730119748591
fix,8.609663965210654
trying,5.999594172468648
way,5.195221356798479
myself,5.9424357586287
kicking,9.52595469708481
sign,7.734195227856755
money,5.915036784440586
because,4.693648938512972
up,4.4476607545147395
seem,6.663753816155342
stupid,6.347900866736865
war,7.083607661715606
thing,4.8346068148556665
doing,5.456927942846999
everything,5.313827099206326
videotape,9.52595469708481
maybe,5.077438321142096
stream,9.52595469708481
guys,6.075967151253223
computers,9.120489588976646
month,7.511051676542546
last,5.51862151185234
sitters,9.52595469708481
find,6.0447146077491185
raise,8.832807516524865
by,6.248809964092634
got,4.335779489156477
care,5.928642436496364
friends,7.511051676542546
moved,9.120489588976646
down,5.51862151185234
street,8.832807516524865
day,5.800261269848158
close,7.446513155404975
mother,6.608183965000531
letters,6.8179044959826
lots,7.385888533588539
pictures,7.654152520183219
awesome,6.39046048115566
vegas,8.832807516524865
heard,7.000226052776554
um,5.306446991908704
married,5.753193758990172
shut,6.8179044959826
old,6.851806047658282
town,8.021877300308535
part,7.083607661715606
marry,5.812382630380503
chuck,8.021877300308535
laughter,5.113156403744175
propose,9.120489588976646
romantic,8.273191728589442
very,4.876767625679944
slot,9.120489588976646
machines,9.52595469708481
oh,3.940580453478911
slots,8.832807516524865
wheel,8.832807516524865
fortune,7.04104804729681
big,6.124757315422655
bride,9.52595469708481
he,4.2029447179464015
as,4.9461023190810085
only,5.382819970693277
won,9.52595469708481
uhuh,9.120489588976646
realized,7.5800445480294965
better,5.812382630380503
his,5.439978384533226
turned,7.174579439921333
said,5.465511686538391
hey,6.230117831080481
really,4.5771948067066415
next,6.1937501869096065
leaving,7.916516784650709
honeymoon,8.832807516524865
cruise,9.52595469708481
england,9.120489588976646
citizenship,9.120489588976646
mean,3.7670529232075296
whatever,6.347900866736865
had,4.9461023190810085
thought,5.6652249860442145
even,5.456927942846999
citizen,8.832807516524865
visa,8.832807516524865
visit,8.832807516524865
time,4.605973771256686
totally,6.785114673159609
distance,8.832807516524865
move,6.753365974845029
wait,6.01440925825379
internet,8.021877300308535
husband,9.120489588976646
those,6.347900866736865
boyfriend,9.120489588976646
cheating,9.52595469708481
hmm,6.923265011640426
juggle,9.120489588976646
two,5.6239820275101655
phone,6.124757315422655
now,4.535522110306074
calling,7.446513155404975
loves,7.654152520183219
likes,8.832807516524865
tabs,9.52595469708481
win,7.821206604846385
uh,5.491714058932415
hundred,6.30707887221661
fifty,6.176050609810205
seven,7.385888533588539
dollars,6.327281579534129
penny,9.120489588976646
plays,9.120489588976646
wow,6.434912243726495
quarters,9.52595469708481
costs,9.52595469708481
fan,8.832807516524865
played,7.821206604846385
pennies,8.832807516524865
giant,8.832807516524865
always,5.474169749281505
end,6.608183965000531
spending,8.832807516524865
bucks,8.273191728589442
mmhmm,7.128059424286439
minute,6.327281579534129
cat,9.120489588976646
children,7.511051676542546
janet,9.52595469708481
lumber,9.52595469708481
renamed,9.52595469708481
brenda,9.52595469708481
enough,6.211768692412284
she,4.717843667100029
state,8.4273424084167
needs,7.654152520183219
into,5.875296455791072
name,6.347900866736865
each,6.555540231515109
tried,7.04104804729681
list,8.273191728589442
craig,8.832807516524865
escort,9.120489588976646
all,3.784555358857302
services,9.120489588976646
regular,7.734195227856755
jobs,7.734195227856755
some,4.8863830843793865
reliable,9.52595469708481
than,6.02944713561833
free,7.174579439921333
figured,7.446513155404975
looking,6.434912243726495
monster,8.832807516524865
lot,5.6239820275101655
board,9.52595469708481
random,8.273191728589442
friend,7.274662898478315
job,5.812382630380503
recommending,9.52595469708481
saying,6.124757315422655
good,4.825474331292394
kind,5.406917522272338
theatre,8.609663965210654
manager,6.923265011640426
house,6.434912243726495
applied,8.13966033596492
posting,9.52595469708481
ago,6.961005339623274
pick,7.821206604846385
great,5.306446991908704
him,4.730164151488069
resume,8.4273424084167
helpful,7.654152520183219
call,5.888368537358424
sit,6.8179044959826
stuff,5.984995373047496
should,5.328752749423002
write,6.785114673159609
information,7.274662898478315
sending,8.609663965210654
generally,9.52595469708481
bring,6.5302224235308195
telling,7.274662898478315
front,7.328730119748591
piece,8.021877300308535
paper,7.916516784650709
helps,8.273191728589442
outline,9.52595469708481
trail,9.52595469708481
around,5.4316101348627095
following,9.52595469708481
before,5.901613764108445
imagine,7.734195227856755
against,8.832807516524865
prejudiced,9.52595469708481
discriminating,9.52595469708481
sometimes,6.7225943161782755
necessarily,9.120489588976646
taking,7.654152520183219
affords,9.52595469708481
bus,7.328730119748591
wo,6.075967151253223
baloney,9.52595469708481
please,6.230117831080481
car,6.230117831080481
try,6.368954275934697
harder,8.4273424084167
little,4.666142292723138
say,5.256257247384848
riding,8.4273424084167
environment,8.832807516524865
save,9.52595469708481
carpool,9.52595469708481
saving,9.120489588976646
less,7.5800445480294965
interesting,7.654152520183219
fantastic,8.609663965210654
frustration,9.52595469708481
take,5.02060484637893
frustrated,8.13966033596492
refuse,9.52595469708481
anyone,8.273191728589442
high,8.273191728589442
mighty,9.52595469708481
anger,9.52595469708481
hurt,7.511051676542546
ride,8.4273424084167
nobody,5.862393050955164
hi,7.04104804729681
waiting,5.71929220731449
thanks,6.505529810940447
fourth,9.52595469708481
help,5.29912095181663
bag,5.9424357586287
hours,7.174579439921333
lines,9.120489588976646
four,5.970606635595397
three,5.328752749423002
flew,8.609663965210654
times,6.7225943161782755
whole,5.5462730431828495
carousel,9.120489588976646
waited,6.555540231515109
entire,7.000226052776554
through,6.060218794285084
baggage,7.128059424286439
planes,7.734195227856755
sorry,5.125351676837993
start,6.230117831080481
nash,8.609663965210654
g,9.52595469708481
lost,6.1937501869096065
issue,8.021877300308535
flight,6.692741353028594
fourteen,9.52595469708481
expect,7.654152520183219
tickets,8.021877300308535
mileage,9.52595469708481
means,8.4273424084167
record,8.4273424084167
blue,7.328730119748591
behalf,9.120489588976646
use,7.5800445480294965
future,8.4273424084167
flights,8.832807516524865
which,7.04104804729681
again,5.256257247384848
gift,8.273191728589442
card,7.328730119748591
apologize,9.120489588976646
us,5.613931691656664
dollar,6.851806047658282
inconvenience,8.13966033596492
once,6.923265011640426
mistakenly,9.52595469708481
allowed,9.120489588976646
jet,9.120489588976646
kidding,7.128059424286439
such,6.1937501869096065
joke,7.328730119748591
movie,8.832807516524865
show,6.851806047658282
cameras,9.120489588976646
candid,9.52595469708481
airline,7.174579439921333
airplane,8.832807516524865
real,6.347900866736865
give,5.29912095181663
nothing,5.270341987266587
giving,7.128059424286439
gone,6.58151571791837
listed,9.52595469708481
track,8.609663965210654
anywhere,7.446513155404975
probably,5.970606635595397
idea,6.327281579534129
incredibly,9.120489588976646
replaced,9.52595469708481
sentimental,8.4273424084167
expensive,8.832807516524865
value,8.609663965210654
replace,8.609663965210654
packed,9.52595469708481
from,5.060046578430226
weeks,7.274662898478315
paris,8.609663965210654
shopping,8.832807516524865
spells,9.52595469708481
behind,6.851806047658282
liable,9.120489588976646
held,9.120489588976646
somebody,5.970606635595397
freaking,7.5800445480294965
says,7.223369604090764
found,7.274662898478315
lawsuit,9.52595469708481
helping,7.821206604846385
every,5.901613764108445
airlines,8.4273424084167
comes,6.7225943161782755
luggage,6.368954275934697
responsible,8.4273424084167
trouble,6.785114673159609
cruising,9.52595469708481
bruising,9.52595469708481
amount,8.832807516524865
charge,7.916516784650709
president,9.52595469708481
clothes,9.120489588976646
sean,9.120489588976646
badge,9.120489588976646
number,6.785114673159609
employee,9.52595469708481
could,4.920784511096718
wrong,5.500603006349661
best,5.9424357586287
feel,5.456927942846999
service,7.128059424286439
bad,6.7225943161782755
yet,6.8179044959826
address,7.511051676542546
angry,8.832807516524865
personal,8.609663965210654
impression,9.52595469708481
might,5.970606635595397
joy,8.609663965210654
days,6.5302224235308195
hang,7.916516784650709
couple,7.654152520183219
check,6.886897367469552
stay,5.800261269848158
welcome,7.446513155404975
sweet,6.923265011640426
thank,5.862393050955164
headstone,8.832807516524865
her,4.871994346927287
went,5.697313300595715
week,6.635582939188645
used,7.385888533588539
died,7.04104804729681
green,7.446513155404975
urban,9.52595469708481
cemeteries,9.52595469708481
oasis,9.52595469708481
felt,6.785114673159609
city,8.273191728589442
wandering,9.52595469708481
forever,6.886897367469552
takes,7.446513155404975
lose,7.128059424286439
candy,9.52595469708481
other,5.509571676332421
came,5.491714058932415
woman,7.000226052776554
hers,9.52595469708481
hope,6.02944713561833
pathetic,9.120489588976646
enjoy,7.128059424286439
rather,6.663753816155342
brought,6.58151571791837
ground,9.52595469708481
honestly,8.021877300308535
cemetery,8.832807516524865
sprinklers,9.120489588976646
redlands,9.120489588976646
ran,7.654152520183219
lipsmack,9.52595469708481
hot,8.273191728589442
stones,9.52595469708481
huge,7.328730119748591
ones,7.511051676542546
tumors,9.52595469708481
together,6.923265011640426
twenty,7.274662898478315
weird,7.446513155404975
brain,9.120489588976646
grew,7.734195227856755
cancer,8.273191728589442
whenever,8.4273424084167
garden,9.52595469708481
prospect,9.52595469708481
built,9.120489588976646
heather,9.52595469708481
park,9.120489588976646
section,9.52595469708481
poetry,8.832807516524865
these,5.71929220731449
memorial,7.654152520183219
parties,8.609663965210654
umm,7.5800445480294965
stand,6.692741353028594
remember,5.6443908991413725
hair,7.511051676542546
red,8.273191728589442
palm,8.609663965210654
curly,9.52595469708481
tree,9.52595469708481
crown,9.52595469708481
head,7.274662898478315
holding,9.120489588976646
sitting,8.13966033596492
cool,6.58151571791837
feet,9.120489588976646
growing,8.13966033596492
memorized,9.120489588976646
poems,9.52595469708481
dunn,9.52595469708481
proud,7.5800445480294965
called,7.654152520183219
death,7.174579439921333
john,9.52595469708481
wrote,7.916516784650709
reciting,9.52595469708481
begin,9.120489588976646
hardly,7.446513155404975
mom,5.970606635595397
room,7.328730119748591
wheelchair,9.52595469708481
damn,7.000226052776554
surgery,9.52595469708481
blood,7.5800445480294965
gave,6.923265011640426
off,5.306446991908704
god,5.077438321142096
audience,9.120489588976646
dropped,8.832807516524865
envelope,9.52595469708481
ghetto,9.52595469708481
bet,8.832807516524865
excited,5.875296455791072
loans,8.4273424084167
exactly,6.457901761951193
bunch,8.273191728589442
grants,9.52595469708481
scholarships,8.609663965210654
hear,6.091967492599664
pay,6.635582939188645
still,5.536970650520535
neighborhood,8.832807516524865
commuting,9.120489588976646
spend,8.13966033596492
throw,7.734195227856755
happy,5.6758070953747515
party,6.7225943161782755
garbage,6.412439387874436
afford,8.13966033596492
staying,8.021877300308535
arapaho,9.52595469708481
summer,8.4273424084167
ho,9.52595469708481
rapper,9.52595469708481
sticking,9.120489588976646
living,7.274662898478315
glad,7.654152520183219
woo,9.52595469708481
pack,8.13966033596492
thinking,5.764754581391248
hooray,9.120489588976646
relief,9.120489588976646
major,7.916516784650709
yay,8.13966033596492
prestigious,8.832807516524865
uhh,8.13966033596492
studies,9.52595469708481
critical,9.52595469708481
program,8.4273424084167
ooh,7.916516784650709
fancy,9.52595469708481
sure,5.456927942846999
masters,9.52595469708481
nice,6.28727624492043
class,9.120489588976646
teach,9.120489588976646
sessions,9.52595469708481
ta,7.223369604090764
question,7.274662898478315
teacher,9.52595469708481
young,7.821206604846385
minds,9.52595469708481
mold,9.52595469708481
confused,8.832807516524865
seasoning,9.52595469708481
dash,9.52595469708481
mrs,9.52595469708481
popular,9.52595469708481
graduate,8.832807516524865
millionaire,9.52595469708481
works,8.832807516524865
fun,6.753365974845029
course,5.862393050955164
being,5.862393050955164
where,5.2084665835485
ruin,9.120489588976646
messing,9.120489588976646
chair,7.916516784650709
ruined,9.120489588976646
mess,9.52595469708481
parents,7.083607661715606
style,7.821206604846385
lovely,7.916516784650709
air,7.083607661715606
breathing,6.158658867098336
sort,6.368954275934697
ever,5.788285078801442
since,6.5302224235308195
embarrassed,7.821206604846385
sneaking,7.916516784650709
planning,7.916516784650709
granted,7.734195227856755
knew,6.248809964092634
point,5.6865023844915
else,5.313827099206326
view,6.608183965000531
come,4.972077805484269
asked,6.248809964092634
love,5.6443908991413725
annie,5.574710978503383
imagination,7.174579439921333
yard,7.734195227856755
both,7.223369604090764
embarrassing,7.734195227856755
porch,9.120489588976646
fresh,9.52595469708481
somewhere,6.176050609810205
wanted,5.901613764108445
away,5.603981360803496
uncomfortable,9.52595469708481
somehow,7.128059424286439
chris,5.812382630380503
ready,7.083607661715606
almost,7.328730119748591
years,5.351567427189173
started,6.7225943161782755
far,6.851806047658282
finally,6.886897367469552
ambiguous,7.821206604846385
kiss,6.368954275934697
kissed,7.128059424286439
bush,9.52595469708481
beating,9.52595469708481
forgive,7.174579439921333
crazy,6.7225943161782755
will,5.026145026754545
wondering,8.4273424084167
never,5.1071140892882125
live,5.95642200060344
larry,5.730465507912616
brother,7.083607661715606
drive,6.785114673159609
ashamed,7.223369604090764
suppose,6.851806047658282
work,5.4150808329114986
command,7.916516784650709
overseas,7.654152520183219
company,7.274662898478315
mixed,8.021877300308535
many,6.505529810940447
pretty,6.108228013471444
aw,8.609663965210654
geez,8.273191728589442
toss,7.821206604846385
men,6.7225943161782755
socks,7.821206604846385
several,7.734195227856755
dry,7.821206604846385
pocket,7.654152520183219
raining,7.821206604846385
instance,7.821206604846385
pair,7.821206604846385
themselves,6.851806047658282
die,6.663753816155342
selfish,7.821206604846385
today,6.886897367469552
killed,7.734195227856755
watching,7.274662898478315
man,5.6758070953747515
destroyed,7.734195227856755
responsibility,7.511051676542546
monument,7.916516784650709
difference,7.654152520183219
earth,7.916516784650709
home,5.915036784440586
incredible,7.385888533588539
rat,7.734195227856755
race,7.174579439921333
accident,7.5800445480294965
driving,7.083607661715606
seeing,7.916516784650709
refrigerator,7.734195227856755
included,7.734195227856755
earned,9.52595469708481
must,5.708242371127906
paid,6.961005339623274
father,5.824652722972317
hundreds,7.5800445480294965
invite,7.821206604846385
bother,7.821206604846385
york,6.8179044959826
sudden,7.821206604846385
half,6.851806047658282
miles,7.734195227856755
life,5.500603006349661
girl,6.02944713561833
door,7.223369604090764
lived,7.821206604846385
look,4.746831203973281
joe,6.28727624492043
listen,6.108228013471444
knows,6.481432259361387
read,7.128059424286439
mind,6.02944713561833
single,6.785114673159609
foolish,8.13966033596492
full,6.961005339623274
rock,7.654152520183219
moments,7.916516784650709
darkest,9.120489588976646
faithful,7.916516784650709
arguing,7.5800445480294965
faith,7.511051676542546
strangers,7.821206604846385
dares,8.021877300308535
coming,5.574710978503383
noticed,7.511051676542546
act,8.13966033596492
invited,7.916516784650709
nonsense,6.886897367469552
kate,7.083607661715606
kill,7.083607661715606
breaks,8.021877300308535
laugh,6.230117831080481
night,6.091967492599664
happen,5.812382630380503
goes,7.000226052776554
sleep,8.021877300308535
pieces,7.511051676542546
calm,6.457901761951193
yourself,5.776450621154439
longer,7.274662898478315
missing,7.734195227856755
believe,5.5843728894151194
above,6.8179044959826
detroit,8.021877300308535
shaking,7.734195227856755
hide,7.821206604846385
matter,6.327281579534129
sees,7.821206604846385
bed,6.886897367469552
broke,7.5800445480294965
crack,8.13966033596492
woke,8.13966033596492
clock,8.609663965210654
o,9.120489588976646
cracked,7.511051676542546
morning,6.851806047658282
looked,7.511051676542546
walking,7.446513155404975
dreaming,7.916516784650709
after,5.764754581391248
meaning,6.434912243726495
terrible,7.511051676542546
mistake,7.654152520183219
dishonest,7.174579439921333
paying,7.385888533588539
pays,7.821206604846385
allow,8.4273424084167
argue,6.8179044959826
believes,7.821206604846385
alive,7.223369604090764
nights,8.273191728589442
anymore,6.368954275934697
contradict,7.821206604846385
walk,7.04104804729681
proof,8.609663965210654
insane,7.5800445480294965
sake,6.7225943161782755
talk,5.862393050955164
face,7.000226052776554
grave,7.734195227856755
until,7.04104804729681
body,7.04104804729681
boy,7.328730119748591
newspapers,7.821206604846385
story,7.04104804729681
ask,5.849654025177734
business,5.48290342925026
own,6.692741353028594
ahead,6.8179044959826
infuriate,7.734195227856755
fit,7.446513155404975
throws,7.821206604846385
talent,7.734195227856755
ignoring,7.821206604846385
ignore,7.734195227856755
dead,7.083607661715606
thinks,7.385888533588539
reach,7.654152520183219
suffer,8.021877300308535
pull,7.511051676542546
bloody,7.821206604846385
afraid,7.821206604846385
fellow,8.021877300308535
considerate,7.734195227856755
settled,7.916516784650709
same,5.928642436496364
feels,7.446513155404975
forgotten,7.446513155404975
thrash,7.916516784650709
avoid,7.821206604846385
women,6.886897367469552
fast,7.385888533588539
reason,6.923265011640426
seen,7.04104804729681
five,6.412439387874436
wife,7.654152520183219
someone,6.635582939188645
diagram,7.385888533588539
pronouncing,7.734195227856755
forget,6.753365974845029
wedding,6.923265011640426
everyone,6.692741353028594
may,8.13966033596492
sucker,7.654152520183219
son,7.734195227856755
inspire,7.821206604846385
inspired,7.821206604846385
grub,7.821206604846385
hour,6.555540231515109
kids,6.635582939188645
family,6.851806047658282
center,8.021877300308535
shooting,8.13966033596492
match,7.654152520183219
tough,7.385888533588539
guy,6.961005339623274
hairs,7.5800445480294965
arm,8.4273424084167
wind,7.128059424286439
ridiculous,6.30707887221661
fact,6.555540231515109
certainly,6.961005339623274
scientific,7.821206604846385
slightly,7.821206604846385
exaggerated,7.821206604846385
sold,7.734195227856755
tonight,7.446513155404975
pr,8.021877300308535
wonderful,7.385888533588539
beach,5.970606635595397
crap,8.273191728589442
action,8.13966033596492
spot,6.1415644337390365
keeps,7.821206604846385
talking,6.158658867098336
fish,5.406917522272338
period,7.385888533588539
carla,6.886897367469552
insulting,7.821206604846385
hate,6.505529810940447
bugging,7.734195227856755
ideas,7.821206604846385
arrive,7.5800445480294965
ah,6.635582939188645
flop,7.734195227856755
their,6.0447146077491185
grow,7.654152520183219
augie,6.124757315422655
missed,7.821206604846385
twice,7.174579439921333
santa,7.734195227856755
claus,8.021877300308535
hands,7.511051676542546
clasped,8.021877300308535
expectantly,8.021877300308535
wide,8.273191728589442
eyes,7.274662898478315
open,7.174579439921333
spent,7.916516784650709
traumatized,8.13966033596492
worst,6.481432259361387
took,6.39046048115566
moment,6.434912243726495
backwards,7.821206604846385
turn,5.730465507912616
exact,8.4273424084167
pinpoint,8.021877300308535
dinner,7.385888533588539
shower,7.5800445480294965
dishes,7.821206604846385
grunions,6.785114673159609
during,7.274662898478315
news,7.274662898478315
running,7.511051676542546
marge,7.821206604846385
putting,7.734195227856755
pets,9.52595469708481
garage,8.021877300308535
year,5.6652249860442145
pregnant,7.654152520183219
glasses,6.327281579534129
shoes,6.851806047658282
our,5.465511686538391
dance,6.961005339623274
champagne,6.28727624492043
bottle,7.083607661715606
sweetest,9.120489588976646
whispered,8.832807516524865
most,6.8179044959826
intimate,7.916516784650709
ear,7.446513155404975
drinking,7.734195227856755
liquor,6.851806047658282
wasting,7.821206604846385
locker,7.821206604846385
knickerbocker,7.821206604846385
past,7.446513155404975
dancing,7.328730119748591
barefoot,7.511051676542546
sand,6.347900866736865
divorce,7.174579439921333
vacation,7.511051676542546
cream,7.821206604846385
pact,7.916516784650709
rub,8.4273424084167
ice,7.821206604846385
carpet,7.916516784650709
suicide,7.821206604846385
poodle,7.821206604846385
expected,8.4273424084167
human,7.385888533588539
fantasy,8.13966033596492
grand,7.174579439921333
roses,7.916516784650709
peaches,7.916516784650709
bills,7.446513155404975
rosy,7.916516784650709
cheeked,9.52595469708481
fat,7.916516784650709
fighting,7.734195227856755
meant,8.13966033596492
special,7.916516784650709
wishing,8.832807516524865
heaven,7.385888533588539
wishes,8.021877300308535
seriously,7.654152520183219
herself,7.916516784650709
mention,7.734195227856755
seemed,6.961005339623274
moon,6.230117831080481
white,7.821206604846385
refreshments,7.821206604846385
bought,7.734195227856755
cold,6.753365974845029
quiet,7.223369604090764
shh,7.734195227856755
midnight,7.821206604846385
run,6.608183965000531
lights,7.5800445480294965
coast,7.223369604090764
further,8.021877300308535
foam,7.916516784650709
unmistakable,7.821206604846385
forgot,7.174579439921333
flashlight,6.075967151253223
silver,7.083607661715606
whose,7.916516784650709
ours,7.223369604090764
yours,7.083607661715606
es,8.4273424084167
su,8.021877300308535
mine,7.04104804729681
naturally,7.916516784650709
stays,7.916516784650709
blanket,7.821206604846385
jacket,6.851806047658282
ticket,7.174579439921333
six,6.851806047658282
fly,7.385888533588539
zipped,7.916516784650709
vibrations,7.916516784650709
wonder,6.753365974845029
eleven,7.654152520183219
particularly,7.734195227856755
honey,7.04104804729681
phenomenon,7.821206604846385
plane,7.223369604090764
forty,7.328730119748591
minutes,7.04104804729681
natural,7.821206604846385
rooms,9.52595469708481
reservations,7.916516784650709
kansas,7.821206604846385
hotel,7.083607661715606
ocean,9.120489588976646
swim,7.328730119748591
mating,7.821206604846385
laying,7.916516784650709
spawning,8.021877300308535
eggs,7.916516784650709
highlight,7.821206604846385
flopping,7.821206604846385
lives,7.223369604090764
orgy,7.821206604846385
eats,7.821206604846385
landing,8.021877300308535
swallows,7.734195227856755
returning,8.273191728589442
cliffs,7.916516784650709
capistrano,7.821206604846385
lemmings,7.821206604846385
unexplainable,7.821206604846385
mystery,7.174579439921333
magic,7.654152520183219
interested,7.174579439921333
bit,6.5302224235308195
stubbed,7.916516784650709
toe,7.821206604846385
distinctly,8.4273424084167
fight,7.274662898478315
sore,7.821206604846385
also,7.385888533588539
wet,8.021877300308535
panties,7.821206604846385
throat,7.821206604846385
ahh,7.821206604846385
either,7.083607661715606
instincts,8.13966033596492
seaweed,7.916516784650709
invitation,7.821206604846385
mass,7.821206604846385
map,7.821206604846385
sent,6.961005339623274
heading,8.273191728589442
formed,8.021877300308535
bodies,8.273191728589442
california,7.174579439921333
instinctual,8.021877300308535
firecracker,8.13966033596492
swimming,7.000226052776554
matters,8.021877300308535
mindedness,8.021877300308535
urgency,7.821206604846385
pure,7.821206604846385
urge,7.821206604846385
sex,7.734195227856755
celebration,7.821206604846385
goose,7.821206604846385
bumps,7.821206604846385
freda,7.821206604846385
ring,7.328730119748591
sooner,7.654152520183219
later,7.328730119748591
darling,6.28727624492043
hello,7.128059424286439
shivers,7.821206604846385
spine,7.821206604846385
shall,6.692741353028594
suddenly,7.5800445480294965
behave,7.916516784650709
exquisitely,7.916516784650709
poise,7.916516784650709
perfect,7.385888533588539
curtsy,8.832807516524865
strange,8.832807516524865
dreadfully,7.821206604846385
ought,7.511051676542546
pity,7.04104804729681
true,6.851806047658282
cruel,7.821206604846385
sacred,7.274662898478315
beautiful,6.785114673159609
dear,6.248809964092634
quest,7.916516784650709
truth,7.916516784650709
ultimate,7.916516784650709
serious,6.434912243726495
unbearable,7.916516784650709
flippant,7.734195227856755
moralists,8.13966033596492
futile,7.916516784650709
darned,9.52595469708481
acid,7.821206604846385
sweetness,7.916516784650709
brings,7.446513155404975
light,7.5800445480294965
flippancy,7.916516784650709
figures,7.821206604846385
ludicrous,8.021877300308535
overbearing,7.328730119748591
bicker,7.821206604846385
fade,7.821206604846385
fire,7.734195227856755
passion,7.821206604846385
depends,7.734195227856755
dies,7.734195227856755
happens,6.457901761951193
mirrors,7.821206604846385
laughable,7.821206604846385
cunning,7.916516784650709
small,7.04104804729681
superficial,7.821206604846385
poor,7.083607661715606
philosophers,7.734195227856755
blow,7.734195227856755
idiotic,7.223369604090764
squeakers,7.821206604846385
trumpets,7.821206604846385
sockets,7.821206604846385
worms,7.174579439921333
eye,7.511051676542546
pop,7.174579439921333
rots,8.021877300308535
elliott,8.4273424084167
world,7.223369604090764
word,7.734195227856755
sha,7.916516784650709
naked,7.821206604846385
vendome,7.821206604846385
paint,7.654152520183219
applies,8.021877300308535
except,7.274662898478315
venice,7.654152520183219
scene,7.821206604846385
awful,7.916516784650709
tiny,8.4273424084167
snake,7.916516784650709
wooden,7.916516784650709
painted,7.734195227856755
beautifully,7.821206604846385
charles,7.821206604846385
wiggle,8.832807516524865
hated,7.916516784650709
canal,7.821206604846385
window,7.328730119748591
threw,7.734195227856755
row,6.851806047658282
intermittently,7.821206604846385
curling,7.821206604846385
burnt,7.385888533588539
dressing,7.821206604846385
irons,8.4273424084167
gown,7.821206604846385
hole,7.446513155404975
cannes,7.734195227856755
towels,7.821206604846385
bathroom,7.734195227856755
comb,7.916516784650709
rouser,7.734195227856755
hit,6.961005339623274
hard,6.158658867098336
utterly,7.328730119748591
rolling,7.734195227856755
scratching,7.734195227856755
biting,7.734195227856755
floor,7.174579439921333
panthers,7.821206604846385
younger,7.511051676542546
sillier,7.5800445480294965
cause,6.635582939188645
peter,6.505529810940447
however,8.273191728589442
burden,6.505529810940447
presents,7.274662898478315
brooch,9.120489588976646
trivial,7.821206604846385
diamonds,7.821206604846385
bristling,8.021877300308535
possible,7.385888533588539
taste,7.734195227856755
wear,7.654152520183219
often,7.734195227856755
torture,7.821206604846385
jealous,7.734195227856755
worked,7.223369604090764
pleasure,8.021877300308535
nosey,7.821206604846385
suspicious,8.021877300308535
known,7.5800445480294965
bored,7.174579439921333
conversation,7.446513155404975
stiff,7.821206604846385
brandy,6.327281579534129
anyhow,7.511051676542546
silly,8.021877300308535
evening,6.663753816155342
habit,7.821206604846385
become,8.13966033596492
amanda,7.223369604090764
fascinating,7.916516784650709
making,7.5800445480294965
broken,7.821206604846385
heart,7.734195227856755
reply,7.821206604846385
allure,7.916516784650709
duty,8.609663965210654
perfectly,7.511051676542546
disagreeable,7.821206604846385
funny,7.511051676542546
wonders,7.821206604846385
adder,7.734195227856755
snap,6.555540231515109
adders,7.916516784650709
sting,7.174579439921333
fangs,7.821206604846385
venom,7.821206604846385
hoops,7.821206604846385
bark,7.821206604846385
roll,7.821206604846385
quite,6.635582939188645
deal,6.8179044959826
riotous,7.821206604846385
restraint,8.021877300308535
drunk,6.39046048115566
insufferable,7.734195227856755
least,6.505529810940447
weak,7.916516784650709
child,6.505529810940447
mentioned,7.916516784650709
contrary,7.821206604846385
violently,7.821206604846385
glass,7.821206604846385
tots,7.821206604846385
intemperate,7.821206604846385
nine,7.174579439921333
upstairs,7.174579439921333
wake,8.609663965210654
studio,7.821206604846385
photographer,7.916516784650709
downstairs,7.821206604846385
tunis,7.174579439921333
boorish,7.916516784650709
insist,8.021877300308535
mad,7.654152520183219
temperamental,8.021877300308535
listening,7.821206604846385
sick,7.128059424286439
sadistic,7.916516784650709
tired,7.446513155404975
bully,7.916516784650709
indeed,7.446513155404975
amusing,7.734195227856755
impossible,7.654152520183219
conceited,8.021877300308535
wicked,7.821206604846385
beast,7.223369604090764
loose,8.273191728589442
vile,7.734195227856755
loathe,8.4273424084167
torment,8.273191728589442
brute,8.13966033596492
stop,6.692741353028594
cad,8.609663965210654
fiend,8.13966033596492
crawling,8.021877300308535
wench,9.120489588976646
knee,8.4273424084167
bended,8.273191728589442
filled,7.328730119748591
jones,9.120489588976646
sections,9.52595469708481
applying,8.832807516524865
second,7.446513155404975
license,6.886897367469552
driver,7.734195227856755
top,8.13966033596492
questions,8.4273424084167
voice,8.4273424084167
answered,9.52595469708481
makes,7.274662898478315
acting,7.916516784650709
voices,9.120489588976646
yelling,8.4273424084167
obviously,7.083607661715606
berating,9.52595469708481
shame,9.52595469708481
picture,8.4273424084167
christmas,9.52595469708481
miss,6.39046048115566
happening,7.916516784650709
tomorrow,7.385888533588539
underst,9.52595469708481
companies,9.52595469708481
national,9.120489588976646
spread,9.52595469708481
guard,9.52595469708481
thin,8.832807516524865
shipping,9.52595469708481
shock,9.52595469708481
birthday,9.120489588976646
worried,8.273191728589442
group,9.52595469708481
promise,8.273191728589442
wish,7.821206604846385
mm,9.52595469708481
build,8.13966033596492
bunker,9.52595469708481
mmm,7.821206604846385
scared,8.832807516524865
happened,6.886897367469552
craziest,9.52595469708481
offered,9.52595469708481
thousand,7.916516784650709
wants,7.511051676542546
dual,9.52595469708481
spoke,9.120489588976646
english,9.52595469708481
accent,9.52595469708481
unattached,9.52595469708481
illegal,9.52595469708481
caught,9.52595469708481
jail,8.832807516524865
unbelievable,8.609663965210654
engagement,9.52595469708481
fake,8.832807516524865
sock,9.52595469708481
rent,8.832807516524865
apartment,8.273191728589442
bank,7.916516784650709
account,8.273191728589442
lucked,9.52595469708481
dude,9.120489588976646
plan,7.734195227856755
beige,9.52595469708481
blush,9.52595469708481
colors,9.120489588976646
cash,8.832807516524865
hardcore,9.52595469708481
exciting,7.821206604846385
drink,8.609663965210654
tahiti,9.52595469708481
tropical,9.52595469708481
absolutely,7.000226052776554
wealthy,9.52595469708481
removed,9.52595469708481
loaded,9.120489588976646
lucky,7.734195227856755
america,9.120489588976646
able,6.923265011640426
finish,8.4273424084167
college,7.654152520183219
eventually,8.609663965210654
resumes,8.609663965210654
attitude,8.13966033596492
shake,9.120489588976646
audition,8.832807516524865
hire,8.273191728589442
hiring,8.273191728589442
upset,7.734195227856755
across,9.52595469708481
handle,8.13966033596492
flying,9.120489588976646
fuse,9.120489588976646
short,9.120489588976646
cutting,9.120489588976646
extremely,9.52595469708481
hostile,9.52595469708481
sentence,9.52595469708481
jumping,8.832807516524865
produce,9.52595469708481
sponge,9.120489588976646
soaked,9.52595469708481
dying,9.52595469708481
field,8.832807516524865
atlanta,8.4273424084167
georgia,9.120489588976646
sir,5.730465507912616
educated,9.52595469708481
language,9.120489588976646
speak,8.13966033596492
education,8.609663965210654
insinuating,9.52595469708481
smug,9.52595469708481
mouth,9.52595469708481
sixteen,7.916516784650709
hanky,9.52595469708481
tossing,9.52595469708481
details,8.609663965210654
wheels,9.52595469708481
black,9.120489588976646
overhead,9.120489588976646
compartment,9.120489588976646
boarding,9.52595469708481
wherever,8.13966033596492
attendance,9.52595469708481
seat,9.52595469708481
left,7.328730119748591
lady,7.916516784650709
mary,9.52595469708481
middle,7.734195227856755
unfortunate,8.609663965210654
soon,7.821206604846385
arriving,9.120489588976646
stressful,9.120489588976646
reimbursement,9.120489588976646
offer,8.273191728589442
bags,7.821206604846385
steal,9.120489588976646
publicize,9.52595469708481
easily,9.52595469708481
computer,8.13966033596492
data,9.52595469708481
collecting,9.120489588976646
fired,8.4273424084167
cover,8.13966033596492
searching,8.832807516524865
lip,9.120489588976646
aggressive,8.609663965210654
taken,8.021877300308535
plenty,8.13966033596492
cigarettes,9.52595469708481
smoking,9.52595469708481
coffee,9.120489588976646
ass,8.832807516524865
union,9.52595469708481
abuse,9.120489588976646
taxi,9.52595469708481
numb,9.52595469708481
basically,8.13966033596492
hospital,8.832807516524865
dealing,8.832807516524865
jesus,8.021877300308535
messed,8.609663965210654
awhile,8.273191728589442
sickness,9.52595469708481
quick,8.832807516524865
boom,9.52595469708481
freaks,8.609663965210654
mortality,9.52595469708481
sounds,7.916516784650709
lock,8.832807516524865
plans,8.273191728589442
leaves,8.832807516524865
gets,7.385888533588539
loved,8.021877300308535
affecting,9.52595469708481
eight,7.5800445480294965
pinch,8.832807516524865
differently,9.120489588976646
recently,9.52595469708481
softball,7.654152520183219
play,7.821206604846385
scholarship,8.832807516524865
pitch,9.120489588976646
slow,9.120489588976646
hitter,9.52595469708481
pitcher,9.52595469708481
shortstop,9.52595469708481
mostly,9.52595469708481
hitting,9.120489588976646
amazing,7.000226052776554
books,9.52595469708481
housing,8.4273424084167
team,8.273191728589442
trojans,9.52595469708481
sports,9.120489588976646
per,9.120489588976646
diem,9.52595469708481
congratulations,7.734195227856755
nicer,9.52595469708481
victorian,9.52595469708481
houses,9.52595469708481
monica,9.52595469708481
dirty,8.609663965210654
malibu,8.832807516524865
especially,8.273191728589442
commute,9.52595469708481
professional,8.832807516524865
player,9.52595469708481
francisco,9.52595469708481
san,8.273191728589442
helicopter,9.52595469708481
helipad,9.52595469708481
worth,7.223369604090764
type,8.273191728589442
drop,8.832807516524865
practice,9.52595469708481
practices,9.52595469708481
ballet,9.52595469708481
early,8.609663965210654
afternoon,9.120489588976646
ball,9.52595469708481
neon,9.52595469708481
softballs,9.52595469708481
games,8.13966033596492
surprised,8.4273424084167
boys,9.120489588976646
nationally,9.52595469708481
ranked,9.52595469708481
fell,9.52595469708481
literally,8.832807516524865
wild,8.832807516524865
pong,9.52595469708481
ping,9.52595469708481
doubt,9.52595469708481
denigrate,9.52595469708481
sport,9.120489588976646
baseball,9.120489588976646
cares,9.120489588976646
suck,8.832807516524865
teammates,9.52595469708481
mustaches,9.52595469708481
heavyset,9.52595469708481
officers,9.52595469708481
police,9.120489588976646
odd,9.52595469708481
rookie,9.52595469708481
carry,8.4273424084167
force,9.120489588976646
watch,7.446513155404975
donuts,9.52595469708481
mustache,9.52595469708481
anyway,6.923265011640426
ann,7.916516784650709
everyday,8.273191728589442
till,8.4273424084167
seas,9.52595469708481
bringing,9.52595469708481
changed,7.821206604846385
dad,6.412439387874436
book,7.916516784650709
opening,9.52595469708481
guilty,9.52595469708481
realize,7.916516784650709
loot,7.916516784650709
alright,6.091967492599664
believing,8.021877300308535
cried,7.223369604090764
kitchen,7.734195227856755
floorboards,9.52595469708481
streets,9.120489588976646
definitely,6.961005339623274
kinds,9.120489588976646
papers,9.52595469708481
sorted,9.52595469708481
answer,7.734195227856755
massive,8.021877300308535
bill,7.511051676542546
goods,8.13966033596492
trust,9.120489588976646
pointless,8.273191728589442
figure,7.446513155404975
animals,7.821206604846385
softest,8.4273424084167
ears,8.832807516524865
while,6.7225943161782755
passed,8.832807516524865
turns,7.821206604846385
kleenex,8.273191728589442
alaska,8.273191728589442
holy,8.13966033596492
cheeks,9.52595469708481
neither,8.13966033596492
includes,7.916516784650709
ol,8.832807516524865
ugh,8.4273424084167
although,8.4273424084167
gosh,7.000226052776554
mi,8.609663965210654
jumped,9.52595469708481
return,9.52595469708481
distinctively,9.52595469708481
direction,8.832807516524865
inside,8.4273424084167
release,8.4273424084167
cracker,8.832807516524865
court,7.916516784650709
curtsey,8.4273424084167
darn,9.52595469708481
elliot,8.4273424084167
wriggle,8.273191728589442
horrible,7.223369604090764
broach,8.021877300308535
besides,8.609663965210654
becoming,8.609663965210654
enjoyable,7.916516784650709
restrain,9.120489588976646
debate,7.916516784650709
splendid,8.273191728589442
minded,8.609663965210654
evil,8.13966033596492
urgh,9.52595469708481
ha,8.021877300308535
tempered,8.021877300308535
vampire,8.021877300308535
application,7.821206604846385
registration,8.609663965210654
original,8.4273424084167
needed,7.916516784650709
identification,8.609663965210654
na,5.536970650520535
gon,5.603981360803496
lunch,9.120489588976646
security,7.385888533588539
social,8.273191728589442
documents,9.52595469708481
identifications,9.52595469708481
exception,8.13966033596492
frustrating,7.916516784650709
born,9.120489588976646
busy,8.021877300308535
weekends,9.120489588976646
places,8.021877300308535
deadline,9.52595469708481
letting,8.273191728589442
ok,8.832807516524865
usually,8.273191728589442
documentation,9.52595469708481
official,9.52595469708481
carries,9.52595469708481
wan,7.734195227856755
necessary,9.120489588976646
government,9.52595469708481
touch,9.120489588976646
apart,8.609663965210654
tear,9.120489588976646
wireless,9.52595469708481
danger,8.609663965210654
daughter,8.832807516524865
crucial,9.52595469708481
age,9.120489588976646
safe,8.273191728589442
steps,8.832807516524865
words,7.916516784650709
hand,7.821206604846385
proposed,7.916516784650709
radiant,9.52595469708481
date,8.4273424084167
walked,8.832807516524865
pier,9.52595469708481
candles,8.832807516524865
ten,8.021877300308535
foot,8.832807516524865
pulls,9.52595469708481
flipped,9.120489588976646
spring,8.832807516524865
having,7.04104804729681
outside,8.832807516524865
kinda,9.120489588976646
weather,9.52595469708481
unpredictable,9.52595469708481
situation,7.734195227856755
guessed,9.52595469708481
approve,8.832807516524865
shine,9.52595469708481
ya,9.52595469708481
invitations,9.52595469708481
girly,9.52595469708481
flowers,9.120489588976646
ends,9.120489588976646
lead,9.120489588976646
response,9.52595469708481
similar,9.52595469708481
mcdonald,9.120489588976646
worker,8.609663965210654
starts,8.609663965210654
rejected,9.120489588976646
competitive,9.120489588976646
level,9.52595469708481
dumber,9.52595469708481
worse,8.4273424084167
member,9.52595469708481
cases,9.52595469708481
pavement,9.52595469708481
option,8.021877300308535
otherwise,7.734195227856755
worthless,9.120489588976646
etiquette,9.52595469708481
indicators,9.52595469708481
hired,8.832807516524865
prejudice,9.52595469708481
hating,9.52595469708481
starting,8.609663965210654
applications,9.52595469708481
bug,9.52595469708481
annoy,8.4273424084167
apparently,8.832807516524865
physically,9.52595469708481
gotten,8.021877300308535
amateur,9.52595469708481
opinions,9.52595469708481
crawl,9.52595469708481
digging,9.52595469708481
dig,9.52595469708481
carrousel,9.52595469708481
problems,8.4273424084167
unfortunately,8.609663965210654
suitcase,8.13966033596492
under,8.832807516524865
willing,7.654152520183219
contents,8.832807516524865
reimburse,8.4273424084167
itself,8.832807516524865
belongings,8.832807516524865
main,9.52595469708481
claim,7.821206604846385
office,8.4273424084167
nowhere,8.13966033596492
magically,8.609663965210654
case,8.832807516524865
checking,8.832807516524865
admit,7.916516784650709
risk,9.120489588976646
liability,9.52595469708481
agreed,8.609663965210654
guarantee,7.916516784650709
agree,8.832807516524865
checked,8.021877300308535
provides,9.52595469708481
rest,7.821206604846385
buy,7.5800445480294965
shops,8.832807516524865
airport,8.13966033596492
reimbursed,9.52595469708481
irresponsible,9.52595469708481
disappeared,9.120489588976646
investigate,9.52595469708481
complaint,8.021877300308535
provide,9.120489588976646
uncommon,9.52595469708481
johnny,9.52595469708481
yesterday,8.832807516524865
pain,8.4273424084167
hurts,9.52595469708481
conscious,9.52595469708481
goout,9.52595469708481
process,8.4273424084167
gradual,9.52595469708481
stories,9.52595469708481
africa,8.273191728589442
impact,9.52595469708481
subside,9.52595469708481
image,9.52595469708481
fault,7.654152520183219
heals,9.52595469708481
anybody,7.734195227856755
received,9.52595469708481
parts,9.52595469708481
meet,7.916516784650709
football,8.021877300308535
country,8.273191728589442
recognizable,9.52595469708481
accomplished,9.52595469708481
prestige,9.52595469708481
deposit,9.52595469708481
financial,9.120489588976646
aid,9.120489588976646
load,9.52595469708481
accepted,7.916516784650709
paperwork,8.4273424084167
worrying,9.52595469708481
decision,8.021877300308535
decide,8.832807516524865
orientation,9.120489588976646
tour,9.52595469708481
campus,7.04104804729681
walls,9.52595469708481
friendly,9.52595469708481
collegiate,9.52595469708481
ivy,9.52595469708481
decided,8.4273424084167
math,9.52595469708481
choices,9.120489588976646
within,8.4273424084167
departments,9.120489588976646
road,8.273191728589442
ways,9.120489588976646
la,7.916516784650709
area,8.021877300308535
shiloh,9.52595469708481
machine,8.609663965210654
systems,8.832807516524865
difficult,8.13966033596492
completely,7.385888533588539
automated,8.609663965210654
specific,9.120489588976646
deals,9.52595469708481
package,8.832807516524865
valued,9.52595469708481
previous,9.52595469708481
customers,9.52595469708481
purchases,9.52595469708481
transferred,8.609663965210654
rate,9.120489588976646
discounted,9.52595469708481
scheduling,9.52595469708481
highly,9.52595469708481
waste,8.4273424084167
uses,9.52595469708481
star,9.120489588976646
hotels,9.52595469708481
corporation,9.52595469708481
rated,9.52595469708481
maui,9.120489588976646
seats,8.832807516524865
aisles,9.52595469708481
switch,9.52595469708481
aisle,9.52595469708481
available,8.609663965210654
fortunately,9.52595469708481
shuttles,9.52595469708481
allows,9.52595469708481
spare,9.52595469708481
appropriate,9.52595469708481
shuttle,9.52595469708481
easy,8.609663965210654
traveling,9.52595469708481
confirmed,9.120489588976646
sleeps,9.120489588976646
alone,6.7225943161782755
planned,7.916516784650709
anne,8.021877300308535
brand,8.13966033596492
someplace,7.5800445480294965
gee,8.832807516524865
onto,7.916516784650709
suckers,8.273191728589442
cracking,8.609663965210654
straight,8.021877300308535
dream,7.654152520183219
sakes,8.4273424084167
flips,9.52595469708481
shootin,9.120489588976646
thinkin,8.832807516524865
event,8.13966033596492
grunion,7.821206604846385
watched,8.609663965210654
popped,8.4273424084167
cork,8.609663965210654
kicked,8.609663965210654
breathe,8.4273424084167
toes,8.021877300308535
looks,7.654152520183219
liked,8.609663965210654
kept,8.4273424084167
none,8.4273424084167
throwing,8.4273424084167
specifically,9.120489588976646
notice,7.654152520183219
rushing,8.832807516524865
drives,8.13966033596492
bound,7.916516784650709
ceaseless,8.4273424084167
shibboleths,8.021877300308535
desire,9.120489588976646
delight,8.13966033596492
savor,8.13966033596492
madly,8.4273424084167
rush,8.273191728589442
catch,8.4273424084167
piazza,8.609663965210654
iron,8.4273424084167
burned,8.609663965210654
perhaps,8.13966033596492
enjoyed,9.52595469708481
seems,7.000226052776554
late,7.446513155404975
knees,8.273191728589442
yea,7.385888533588539
order,8.832807516524865
standard,9.120489588976646
hold,8.273191728589442
sense,7.916516784650709
counter,9.52595469708481
web,8.832807516524865
site,8.832807516524865
website,8.832807516524865
lonely,9.52595469708481
dangerous,8.832807516524865
benefits,9.52595469708481
rough,8.609663965210654
survive,8.609663965210654
disappear,9.120489588976646
daddy,9.120489588976646
video,9.52595469708481
nervous,9.120489588976646
definitive,9.52595469708481
surprise,8.832807516524865
concert,9.52595469708481
crew,9.52595469708481
talked,8.021877300308535
cute,8.832807516524865
song,9.120489588976646
stage,9.120489588976646
towards,9.120489588976646
band,9.52595469708481
magazine,9.52595469708481
freak,9.52595469708481
guaranteed,9.52595469708481
thousands,8.4273424084167
winter,9.52595469708481
southern,9.52595469708481
snow,9.52595469708481
hemisphere,9.52595469708481
australia,9.52595469708481
continue,8.832807516524865
golly,9.52595469708481
hah,9.52595469708481
uhm,9.52595469708481
feeling,8.273191728589442
interview,8.832807516524865
retirement,9.52595469708481
break,8.273191728589442
important,7.511051676542546
persistence,9.52595469708481
table,9.52595469708481
persistent,9.52595469708481
food,8.832807516524865
talented,8.273191728589442
opinion,8.832807516524865
skewed,9.52595469708481
painting,9.52595469708481
outer,9.52595469708481
employment,9.52595469708481
factors,9.52595469708481
whether,9.120489588976646
female,9.52595469708481
types,9.52595469708481
male,9.52595469708481
consideration,9.120489588976646
planet,9.52595469708481
unlucky,9.52595469708481
latter,9.52595469708481
normal,9.120489588976646
cooking,9.52595469708481
reconsidering,9.52595469708481
considering,9.120489588976646
clear,9.120489588976646
f,9.52595469708481
peoples,9.52595469708481
few,8.13966033596492
shows,8.13966033596492
misplaced,8.832807516524865
reading,9.52595469708481
difficulties,9.52595469708481
theft,8.609663965210654
loading,9.52595469708481
mishap,9.52595469708481
cart,9.52595469708481
gifts,9.52595469708481
likely,9.120489588976646
stuck,8.832807516524865
shipped,9.52595469708481
tracking,9.52595469708481
tag,9.52595469708481
tags,8.832807516524865
nobodies,9.52595469708481
originally,9.52595469708481
error,9.52595469708481
tight,9.52595469708481
joking,8.832807516524865
possessions,9.120489588976646
shoe,9.52595469708481
core,9.52595469708481
claims,9.120489588976646
false,9.52595469708481
compensate,9.52595469708481
sue,9.120489588976646
policy,8.13966033596492
kathy,9.120489588976646
lasted,9.52595469708481
easier,8.273191728589442
closed,9.52595469708481
gary,9.52595469708481
surreal,9.52595469708481
troops,9.52595469708481
memories,9.120489588976646
cared,8.832807516524865
loving,9.52595469708481
trip,9.120489588976646
europe,9.120489588976646
its,8.273191728589442
hearing,9.52595469708481
colleges,9.120489588976646
packet,8.609663965210654
rejection,8.832807516524865
registrar,9.52595469708481
rip,9.52595469708481
angeles,8.832807516524865
los,8.832807516524865
forward,7.734195227856755
season,9.52595469708481
nuts,9.52595469708481
cult,9.120489588976646
everywhere,8.13966033596492
champions,9.52595469708481
communications,9.52595469708481
leaning,9.52595469708481
broad,9.52595469708481
schools,9.52595469708481
confined,9.52595469708481
ropes,9.52595469708481
secrets,9.52595469708481
explore,9.52595469708481
customer,8.273191728589442
steve,9.52595469708481
recording,9.52595469708481
depending,9.52595469708481
menu,8.832807516524865
choose,8.832807516524865
leads,9.52595469708481
circles,9.120489588976646
bypass,9.52595469708481
zero,9.120489588976646
press,9.52595469708481
instead,8.609663965210654
rotary,9.120489588976646
hint,9.52595469708481
asks,9.52595469708481
tone,9.52595469708481
pretend,8.609663965210654
pleasant,9.120489588976646
large,8.832807516524865
macy,9.120489588976646
store,9.120489588976646
department,8.13966033596492
protection,9.52595469708481
rid,9.120489588976646
submit,9.52595469708481
faster,9.120489588976646
online,8.273191728589442
grievance,9.52595469708481
print,9.120489588976646
regarding,9.52595469708481
ebay,9.52595469708481
protected,9.52595469708481
sites,9.52595469708481
worry,9.120489588976646
immediately,8.832807516524865
processed,8.832807516524865
careful,9.52595469708481
secure,9.52595469708481
unreliable,9.52595469708481
bye,8.609663965210654
showed,8.609663965210654
damned,8.273191728589442
trash,9.52595469708481
goddamn,8.021877300308535
heavens,8.4273424084167
opened,8.832807516524865
backrub,8.832807516524865
yell,8.609663965210654
water,7.654152520183219
spotting,9.52595469708481
certain,9.52595469708481
pushing,8.609663965210654
headed,9.52595469708481
vote,8.4273424084167
sensitive,9.120489588976646
popping,8.273191728589442
sends,9.52595469708481
hoo,9.52595469708481
sheet,9.52595469708481
yellow,8.609663965210654
sonya,9.52595469708481
fifteen,8.4273424084167
cut,8.609663965210654
earlier,9.120489588976646
babe,7.916516784650709
amy,8.609663965210654
wanting,9.52595469708481
videotaped,9.52595469708481
promoted,8.832807516524865
nurses,9.52595469708481
purchase,9.120489588976646
cousin,9.52595469708481
postpone,9.52595469708481
strong,8.4273424084167
sound,9.120489588976646
quit,8.609663965210654
mommy,9.52595469708481
brian,8.4273424084167
carats,9.52595469708481
low,9.52595469708481
eighteen,8.4273424084167
broadway,9.52595469708481
lousy,8.832807516524865
chaperone,8.832807516524865
drowsy,9.120489588976646
clapping,9.120489588976646
performance,9.52595469708481
swear,9.120489588976646
cast,9.52595469708481
onstage,9.120489588976646
spotlight,9.52595469708481
spiel,9.52595469708481
tripped,9.52595469708481
points,9.52595469708481
scored,9.52595469708481
ovation,9.52595469708481
members,9.52595469708481
cry,8.4273424084167
deserve,8.832807516524865
tears,9.52595469708481
happiness,9.120489588976646
loser,9.52595469708481
marrying,9.52595469708481
weddings,9.120489588976646
hawaii,8.4273424084167
honeymoons,9.52595469708481
tower,9.120489588976646
eiffel,9.120489588976646
spain,9.52595469708481
rich,9.52595469708481
marriage,9.52595469708481
commercials,9.52595469708481
crowe,9.52595469708481
russel,9.52595469708481
auditioning,9.52595469708481
refection,9.52595469708481
funds,9.52595469708481
pooling,9.52595469708481
financially,9.52595469708481
owe,9.120489588976646
role,9.52595469708481
learning,9.52595469708481
prepared,9.120489588976646
studied,9.52595469708481
anna,8.609663965210654
passing,8.832807516524865
thirty,8.021877300308535
law,7.821206604846385
passionate,9.52595469708481
motivate,9.52595469708481
auditions,9.52595469708481
tables,8.609663965210654
denny,9.120489588976646
tip,9.52595469708481
teaching,9.52595469708481
master,9.120489588976646
oof,9.52595469708481
rosenkrantz,9.52595469708481
france,9.52595469708481
asking,7.821206604846385
stole,8.832807516524865
bopper,9.52595469708481
thingy,9.120489588976646
keys,9.52595469708481
possibly,8.609663965210654
percent,8.609663965210654
limit,9.52595469708481
whoa,8.609663965210654
laughing,9.120489588976646
tricia,9.52595469708481
disease,9.52595469708481
suffered,9.52595469708481
chemo,9.52595469708481
gifted,9.52595469708481
handsome,9.52595469708481
parent,9.120489588976646
losing,8.609663965210654
ripped,9.52595469708481
unfair,8.832807516524865
girlfriend,8.609663965210654
kelly,9.120489588976646
uveny,9.52595469708481
positive,7.916516784650709
smart,7.916516784650709
benny,9.52595469708481
isabella,9.120489588976646
yep,9.120489588976646
chocolate,9.52595469708481
cake,8.609663965210654
acceptance,8.4273424084167
boston,8.4273424084167
nat,9.52595469708481
natalie,9.52595469708481
celebrate,8.832807516524865
shit,8.273191728589442
scale,9.52595469708481
grauman,9.52595469708481
nation,9.52595469708481
pants,8.832807516524865
film,9.52595469708481
academy,9.52595469708481
art,9.52595469708481
films,9.52595469708481
fuck,9.120489588976646
smells,9.52595469708481
cooler,9.120489588976646
restaurants,9.120489588976646
culture,9.52595469708481
ethiopia,9.52595469708481
eat,9.120489588976646
bread,9.52595469708481
beer,9.52595469708481
sometime,9.120489588976646
dorm,8.832807516524865
mattresses,9.52595469708481
cuddle,9.52595469708481
reserved,9.52595469708481
slut,9.52595469708481
gona,9.52595469708481
freshman,9.120489588976646
fucking,9.120489588976646
dumb,9.120489588976646
operator,8.021877300308535
calls,7.5800445480294965
system,8.4273424084167
profanity,9.52595469708481
fritz,9.52595469708481
incoming,9.52595469708481
verizon,8.832807516524865
provider,9.52595469708481
satellites,9.52595469708481
patient,8.4273424084167
contact,8.609663965210654
turning,8.609663965210654
land,8.4273424084167
average,9.52595469708481
compensating,9.52595469708481
unbeknownst,9.52595469708481
exaggerate,9.52595469708481
million,9.120489588976646
addressed,9.52595469708481
fax,9.52595469708481
advising,9.52595469708481
patience,8.4273424084167
goodbye,9.120489588976646
travel,8.021877300308535
challenge,9.120489588976646
slept,9.120489588976646
sat,9.120489588976646
created,8.609663965210654
checkbook,9.120489588976646
grown,9.52595469708481
fella,8.832807516524865
danced,9.120489588976646
intimately,9.52595469708481
jokes,8.609663965210654
reservation,9.120489588976646
opportunity,8.273191728589442
argument,8.832807516524865
instinct,9.120489588976646
arms,9.52595469708481
goosebumps,9.120489588976646
strumpets,9.52595469708481
bright,8.832807516524865
harm,9.120489588976646
loath,8.609663965210654
swine,8.609663965210654
missy,9.52595469708481
demand,8.832807516524865
portion,9.52595469708481
stairs,9.52595469708481
side,8.609663965210654
transfer,8.13966033596492
condescending,9.52595469708481
complete,9.120489588976646
closing,9.52595469708481
copy,9.120489588976646
misleading,9.52595469708481
proceed,9.52595469708481
remove,9.52595469708481
behaving,9.52595469708481
building,8.832807516524865
causing,9.52595469708481
mob,9.52595469708481
okey,8.13966033596492
finished,8.832807516524865
sweetie,9.52595469708481
sad,8.609663965210654
deploy,9.52595469708481
expectant,9.52595469708481
specialist,9.52595469708481
increase,9.52595469708481
promotion,9.52595469708481
months,7.511051676542546
quiets,9.52595469708481
career,8.832807516524865
between,8.609663965210654
priorities,9.52595469708481
esmeralda,9.52595469708481
hitched,9.52595469708481
cheese,8.4273424084167
lame,9.52595469708481
pizza,9.52595469708481
ate,9.52595469708481
pie,9.52595469708481
american,9.120489588976646
drew,9.52595469708481
barrymore,9.52595469708481
chick,9.52595469708481
anyways,8.609663965210654
flick,9.52595469708481
barry,8.832807516524865
joseph,9.52595469708481
nasty,9.52595469708481
sara,8.4273424084167
spontaneous,9.120489588976646
lobster,8.609663965210654
moving,8.4273424084167
cheap,8.609663965210654
conga,9.52595469708481
character,9.52595469708481
pulled,9.52595469708481
dim,9.52595469708481
mouse,9.52595469708481
chucky,9.52595469708481
sarah,9.52595469708481
guiding,9.52595469708481
cheesy,9.120489588976646
tarzan,9.52595469708481
jane,9.52595469708481
spur,9.52595469708481
engaged,9.120489588976646
graduated,9.52595469708481
energy,9.120489588976646
apply,8.832807516524865
dating,9.120489588976646
assistant,9.52595469708481
position,9.120489588976646
box,9.120489588976646
jack,9.52595469708481
promising,9.52595469708481
restaurant,8.13966033596492
busing,9.52595469708481
excuses,9.52595469708481
qualified,8.832807516524865
harvard,8.273191728589442
touche,9.52595469708481
investment,9.52595469708481
banking,9.52595469708481
deloitte,9.52595469708481
chang,9.52595469708481
degree,8.4273424084167
temp,8.832807516524865
degrading,9.52595469708481
receptionist,8.609663965210654
smarter,9.52595469708481
ideally,9.52595469708481
astronaut,9.52595469708481
engineering,8.832807516524865
biomedical,9.52595469708481
internship,9.52595469708481
pulling,8.609663965210654
downtown,8.832807516524865
finding,8.832807516524865
firm,9.120489588976646
clerk,9.120489588976646
lawyer,9.120489588976646
plus,8.832807516524865
breaking,9.52595469708481
evicting,9.52595469708481
sixty,8.4273424084167
typing,9.120489588976646
smith,9.52595469708481
shoot,9.52595469708481
min,9.52595469708481
temporary,9.120489588976646
science,8.609663965210654
club,9.52595469708481
connections,9.120489588976646
doomed,9.52595469708481
extra,8.832807516524865
baltimore,8.021877300308535
direct,8.021877300308535
lax,8.832807516524865
report,8.609663965210654
property,8.832807516524865
diego,8.4273424084167
therefore,9.52595469708481
incompetent,8.832807516524865
refund,8.4273424084167
lodging,9.120489588976646
hmmm,8.609663965210654
inn,8.609663965210654
holiday,8.609663965210654
cost,8.4273424084167
fastest,9.52595469708481
boss,9.120489588976646
delta,8.609663965210654
whoever,9.120489588976646
ibm,9.52595469708481
misplace,9.52595469708481
placed,9.52595469708481
firing,9.52595469708481
count,9.52595469708481
lobby,9.52595469708481
peanuts,9.120489588976646
maryland,9.52595469708481
pounds,9.52595469708481
cooperate,9.52595469708481
funeral,8.609663965210654
urn,9.120489588976646
emergency,9.52595469708481
deduction,9.52595469708481
sherlock,9.52595469708481
holmes,9.52595469708481
representative,9.52595469708481
vessel,9.52595469708481
burst,9.52595469708481
brent,8.4273424084167
caption,9.52595469708481
hanging,9.52595469708481
overboard,9.52595469708481
paralyzed,9.52595469708481
coma,9.52595469708481
explanation,9.52595469708481
fucked,9.52595469708481
studying,9.120489588976646
doctor,9.120489588976646
countries,9.52595469708481
goal,9.120489588976646
corporate,8.609663965210654
footsteps,9.52595469708481
follow,9.120489588976646
met,8.609663965210654
greatest,9.52595469708481
susanna,9.52595469708481
production,9.120489588976646
cinema,9.52595469708481
hopefully,9.120489588976646
chapter,9.52595469708481
sipping,9.52595469708481
professionals,9.52595469708481
martinis,9.52595469708481
sushi,9.52595469708481
soup,9.120489588976646
miso,9.120489588976646
mmmm,9.52595469708481
vat,9.52595469708481
april,9.52595469708481
struck,9.52595469708481
nature,8.832807516524865
verify,9.120489588976646
brown,7.654152520183219
olivia,8.832807516524865
failing,9.52595469708481
receiving,8.832807516524865
symptoms,9.52595469708481
cuts,9.52595469708481
using,9.52595469708481
sim,8.832807516524865
fall,8.832807516524865
older,8.4273424084167
pilot,8.832807516524865
camera,8.4273424084167
flip,9.120489588976646
backersen,8.609663965210654
writing,9.52595469708481
hook,9.120489588976646
contracts,9.120489588976646
contract,8.13966033596492
game,8.4273424084167
charger,9.52595469708481
pink,9.120489588976646
accessories,9.52595469708481
orange,9.52595469708481
goodies,9.52595469708481
battling,9.52595469708481
viacom,9.52595469708481
assistance,9.52595469708481
speaking,9.52595469708481
digits,9.52595469708481
network,9.52595469708481
charging,9.52595469708481
outage,9.120489588976646
power,8.273191728589442
electrical,9.120489588976646
connect,9.120489588976646
hurricane,9.52595469708481
outages,9.52595469708481
katrina,9.52595469708481
starve,9.120489588976646
realtor,9.120489588976646
pole,9.52595469708481
dire,9.52595469708481
payphone,9.120489588976646
south,8.609663965210654
central,9.120489588976646
chose,9.52595469708481
maam,9.52595469708481
proven,9.52595469708481
officer,9.52595469708481
travels,9.52595469708481
appearance,9.52595469708481
stronger,9.52595469708481
dare,9.52595469708481
acted,9.120489588976646
deserves,9.52595469708481
hats,9.52595469708481
realizes,9.120489588976646
flat,9.52595469708481
dammit,9.52595469708481
softly,9.52595469708481
basket,8.832807516524865
fruit,8.4273424084167
enjoys,9.52595469708481
pokes,9.52595469708481
trade,9.120489588976646
nah,9.52595469708481
paul,9.52595469708481
shore,9.52595469708481
boats,9.52595469708481
courtesy,9.120489588976646
wiggled,9.52595469708481
rile,8.832807516524865
pleasured,9.52595469708481
lure,9.52595469708481
topic,9.52595469708481
annoyed,9.120489588976646
devil,9.52595469708481
desks,9.52595469708481
correctly,9.52595469708481
initial,9.52595469708481
initialed,9.52595469708481
spelled,9.52595469708481
purpose,9.120489588976646
testing,8.609663965210654
susie,9.52595469708481
signed,9.120489588976646
shitty,9.120489588976646
timing,9.120489588976646
tours,9.52595469708481
emotionally,9.52595469708481
bullshit,9.120489588976646
enlist,9.52595469708481
gun,8.609663965210654
lie,9.52595469708481
dog,9.52595469708481
tux,9.120489588976646
worn,9.52595469708481
meadow,9.120489588976646
church,9.120489588976646
traditional,9.52595469708481
yosemite,9.120489588976646
naturey,9.52595469708481
cabins,9.52595469708481
flowery,9.52595469708481
midsummer,9.52595469708481
wolves,9.120489588976646
bears,9.120489588976646
attacked,9.120489588976646
excitement,9.52595469708481
hoping,8.832807516524865
wilderness,9.52595469708481
greens,8.273191728589442
browns,8.13966033596492
tanish,9.52595469708481
sky,9.52595469708481
contrast,9.52595469708481
mood,9.52595469708481
wearing,9.52595469708481
bridesmaids,9.52595469708481
blues,8.832807516524865
trim,9.52595469708481
buffet,9.120489588976646
fried,9.52595469708481
mashed,9.52595469708481
potatoes,9.52595469708481
chicken,9.52595469708481
happier,9.52595469708481
thrilled,9.52595469708481
ecstatic,9.52595469708481
faint,9.120489588976646
rushed,9.120489588976646
mr,9.52595469708481
relationships,9.52595469708481
pressure,9.52595469708481
tv,8.4273424084167
favors,9.52595469708481
interviews,8.609663965210654
bite,9.52595469708481
overnight,9.120489588976646
bananas,9.120489588976646
excessive,9.52595469708481
gas,9.52595469708481
cab,9.52595469708481
unemployed,9.120489588976646
station,9.120489588976646
affect,9.52595469708481
extreme,8.832807516524865
trained,8.832807516524865
dressed,9.52595469708481
shave,9.52595469708481
legs,9.52595469708481
presentable,9.52595469708481
presentation,9.52595469708481
eighty,9.52595469708481
success,9.52595469708481
quote,9.52595469708481
engine,9.52595469708481
chugging,9.52595469708481
sassy,9.52595469708481
realm,9.52595469708481
training,9.120489588976646
mcdonalds,8.832807516524865
minimum,9.120489588976646
fry,9.52595469708481
wage,9.52595469708481
flipper,9.52595469708481
bottom,9.120489588976646
attacks,9.52595469708481
northwest,8.609663965210654
desk,7.916516784650709
attention,9.120489588976646
colored,9.52595469708481
rainbow,9.52595469708481
inconveniencing,9.52595469708481
destination,8.609663965210654
safely,9.120489588976646
percoes,9.52595469708481
unacceptable,8.609663965210654
near,8.021877300308535
communicate,9.52595469708481
equivalent,9.52595469708481
purchasing,9.120489588976646
agreement,8.4273424084167
amends,9.52595469708481
terms,9.120489588976646
explain,8.13966033596492
frequently,9.52595469708481
current,9.52595469708481
grandmother,9.52595469708481
expecting,9.52595469708481
condition,9.52595469708481
inevitable,9.52595469708481
peace,9.120489588976646
pissed,9.52595469708481
honor,9.52595469708481
general,9.120489588976646
millimeter,9.52595469708481
taser,8.609663965210654
present,9.120489588976646
mace,9.120489588976646
knife,8.832807516524865
excellent,9.120489588976646
fully,9.120489588976646
puny,9.52595469708481
weaving,9.120489588976646
underwater,9.120489588976646
lying,9.120489588976646
undecided,8.832807516524865
classes,9.52595469708481
celebrating,9.52595469708481
crush,9.52595469708481
throughout,9.120489588976646
waters,9.52595469708481
test,9.52595469708481
vermont,9.52595469708481
occasion,9.52595469708481
golfing,9.120489588976646
eh,9.52595469708481
gees,8.832807516524865
doughnut,8.609663965210654
shop,9.52595469708481
library,9.120489588976646
cruiser,9.52595469708481
cruisers,9.52595469708481
counsel,9.120489588976646
dorky,8.609663965210654
dork,9.120489588976646
vibe,8.609663965210654
sorority,9.120489588976646
abused,9.52595469708481
valley,9.52595469708481
girls,8.832807516524865
ditsy,9.52595469708481
frat,9.52595469708481
greek,9.52595469708481
events,9.52595469708481
buffets,9.120489588976646
tons,8.832807516524865
dorms,8.832807516524865
lessons,9.52595469708481
roommates,9.52595469708481
hail,9.52595469708481
dell,9.52595469708481
taco,9.120489588976646
ordered,9.52595469708481
orders,9.52595469708481
requests,9.52595469708481
others,9.52595469708481
branch,9.120489588976646
hills,9.52595469708481
beverley,9.52595469708481
incorrectly,9.52595469708481
tomatoes,9.120489588976646
onions,9.52595469708481
tacos,9.52595469708481
fixed,9.120489588976646
dealt,9.52595469708481
worries,9.52595469708481
refunded,9.52595469708481
del,9.52595469708481
cents,9.52595469708481
cindy,8.273191728589442
cinnee,9.52595469708481
attached,9.52595469708481
satisfaction,9.52595469708481
cuz,9.52595469708481
hoped,8.832807516524865
farther,9.120489588976646
skipped,9.52595469708481
clause,9.120489588976646
breath,9.52595469708481
witch,9.52595469708481
whore,8.832807516524865
calf,9.52595469708481
holes,9.120489588976646
stickers,9.52595469708481
renew,9.52595469708481
plate,9.52595469708481
skip,9.120489588976646
photo,9.52595469708481
stack,9.52595469708481
nope,9.52595469708481
grab,8.273191728589442
rules,8.4273424084167
shorter,9.52595469708481
rocket,8.832807516524865
bitch,9.52595469708481
escorted,9.52595469708481
quickly,9.120489588976646
pledge,9.120489588976646
rings,9.52595469708481
stood,9.120489588976646
assignments,9.52595469708481
brainwashedly,9.52595469708481
absentmindedly,9.52595469708481
unagree,9.52595469708481
partnership,9.52595469708481
effort,9.120489588976646
bothered,9.52595469708481
forced,9.52595469708481
newborn,9.52595469708481
options,9.52595469708481
safest,9.52595469708481
stalemate,9.52595469708481
sailing,9.52595469708481
meats,9.52595469708481
fancier,9.52595469708481
shiny,9.120489588976646
scary,9.52595469708481
color,9.120489588976646
integral,9.52595469708481
compromise,9.52595469708481
impressive,9.52595469708481
suggestions,9.120489588976646
unemployment,9.52595469708481
local,8.609663965210654
agency,9.120489588976646
reminding,9.52595469708481
fits,9.52595469708481
skill,9.52595469708481
choosing,9.120489588976646
circumstance,9.52595469708481
market,9.52595469708481
luck,8.832807516524865
advice,9.52595469708481
opposite,9.52595469708481
managed,9.52595469708481
logic,9.52595469708481
actions,9.120489588976646
employed,9.52595469708481
screwed,9.52595469708481
london,8.832807516524865
arrived,9.120489588976646
belt,9.52595469708481
conveyor,9.120489588976646
authority,9.52595469708481
owed,9.52595469708481
loss,9.52595469708481
roughly,9.52595469708481
coverage,9.52595469708481
satisfactory,9.52595469708481
checks,8.609663965210654
items,9.120489588976646
misunderstanding,9.52595469708481
offering,8.832807516524865
superior,9.52595469708481
directly,9.120489588976646
cup,9.120489588976646
gratuitously,9.52595469708481
concern,9.120489588976646
concerned,8.832807516524865
names,9.52595469708481
tea,9.52595469708481
convinced,9.52595469708481
grateful,8.832807516524865
rule,9.120489588976646
rains,9.52595469708481
comfortable,9.120489588976646
genie,9.52595469708481
answers,9.120489588976646
cliche,9.52595469708481
history,8.609663965210654
minor,9.52595469708481
geology,9.120489588976646
relevant,9.52595469708481
private,9.52595469708481
guessing,9.52595469708481
decent,9.52595469708481
intended,9.120489588976646
rocks,9.52595469708481
pun,9.52595469708481
separated,9.52595469708481
share,9.52595469708481
courses,9.52595469708481
communal,9.52595469708481
appealing,9.52595469708481
flops,9.52595469708481
thumbs,9.52595469708481
ouch,9.52595469708481
congrats,9.52595469708481
boring,9.52595469708481
experience,9.52595469708481
basketball,9.120489588976646
matches,9.120489588976646
golf,8.832807516524865
winner,9.52595469708481
volleyball,9.120489588976646
tennis,9.52595469708481
c,9.120489588976646
s,9.52595469708481
pompom,9.52595469708481
megaphones,9.52595469708481
sexy,9.52595469708481
scantily,9.52595469708481
clad,9.52595469708481
cheerleaders,9.52595469708481
butterfly,9.52595469708481
defend,9.52595469708481
fu,9.52595469708481
kung,9.52595469708481
sprint,8.832807516524865
discrepancy,9.52595469708481
charged,8.273191728589442
aruckman,9.52595469708481
menus,9.52595469708481
pushed,9.52595469708481
pound,9.52595469708481
charges,9.120489588976646
nebraska,9.120489588976646
mischarged,9.52595469708481
discretion,9.120489588976646
dealer,9.52595469708481
robot,9.52595469708481
investigation,9.52595469708481
technically,9.52595469708481
alabama,9.52595469708481
sucks,9.120489588976646
co,9.52595469708481
montgomery,9.52595469708481
swapped,9.52595469708481
loosed,9.52595469708481
discovered,9.52595469708481
wooded,9.52595469708481
b,9.120489588976646
simply,8.832807516524865
step,9.52595469708481
rude,9.52595469708481
compassion,9.52595469708481
offended,9.52595469708481
compassionate,9.52595469708481
imply,9.52595469708481
informed,9.52595469708481
janitor,9.120489588976646
strict,9.52595469708481
iraq,8.609663965210654
sigh,8.273191728589442
childcare,9.52595469708481
army,9.120489588976646
infantry,9.52595469708481
chosen,9.52595469708481
beg,9.52595469708481
thirtieth,9.52595469708481
jazz,9.120489588976646
roof,9.52595469708481
chicago,8.609663965210654
autumn,9.52595469708481
chicagoite,9.52595469708481
meeting,9.52595469708481
chances,8.832807516524865
sil,9.52595469708481
bizarre,9.120489588976646
knowing,9.52595469708481
nicest,9.52595469708481
corps,9.52595469708481
artists,9.52595469708481
bear,8.832807516524865
polite,9.52595469708481
approach,9.52595469708481
total,8.832807516524865
cant,9.52595469708481
lack,9.52595469708481
qualification,9.52595469708481
discriminatory,9.52595469708481
humiliating,8.832807516524865
industry,9.52595469708481
programs,9.52595469708481
management,9.52595469708481
envisioned,9.52595469708481
settle,9.52595469708481
humili,9.52595469708481
accept,9.52595469708481
denied,9.52595469708481
constantly,9.52595469708481
stick,9.120489588976646
prospects,9.52595469708481
loan,9.52595469708481
corner,9.52595469708481
hungry,9.52595469708481
negative,9.120489588976646
complaining,9.52595469708481
concept,9.52595469708481
nails,9.52595469708481
intend,9.52595469708481
charismatic,9.52595469708481
yah,9.52595469708481
specifics,9.52595469708481
tall,9.52595469708481
ideal,9.120489588976646
actor,8.832807516524865
catering,9.120489588976646
bartending,9.52595469708481
gig,9.120489588976646
virgin,9.52595469708481
atlantic,9.52595469708481
checkpoints,9.52595469708481
proper,9.52595469708481
heath,8.832807516524865
miracle,9.52595469708481
gray,9.52595469708481
backpack,8.832807516524865
voucher,8.021877300308535
relax,9.52595469708481
personally,9.52595469708481
crash,9.52595469708481
fiery,9.52595469708481
convenient,9.52595469708481
reasons,9.52595469708481
international,9.52595469708481
solely,9.52595469708481
transport,9.52595469708481
insurance,8.13966033596492
tied,9.120489588976646
carrying,9.52595469708481
heavy,9.120489588976646
carried,9.52595469708481
figuring,9.52595469708481
autonomous,9.52595469708481
oops,9.52595469708481
stinking,9.120489588976646
deliver,9.52595469708481
kmart,9.52595469708481
accidents,9.52595469708481
melissa,9.52595469708481
progressive,9.52595469708481
metastasized,9.52595469708481
painful,9.52595469708481
supportive,9.52595469708481
stopped,9.52595469708481
support,9.52595469708481
partying,9.52595469708481
picked,9.52595469708481
mooching,9.52595469708481
disaster,9.52595469708481
saved,9.120489588976646
experiences,9.52595469708481
millions,9.52595469708481
kwon,9.52595469708481
automatically,9.52595469708481
solved,9.52595469708481
fee,8.4273424084167
locate,9.52595469708481
transaction,9.120489588976646
statement,9.120489588976646
assuming,9.52595469708481
afterwards,9.52595469708481
payment,9.52595469708481
due,9.52595469708481
screen,9.52595469708481
database,9.52595469708481
glitch,9.120489588976646
ninety,9.52595469708481
clearing,9.52595469708481
admitting,9.52595469708481
transactions,9.52595469708481
cleared,9.120489588976646
correct,9.52595469708481
overdue,9.52595469708481
rigmarole,9.52595469708481
dreams,9.120489588976646
outright,9.120489588976646
easiest,9.52595469708481
sneak,9.52595469708481
written,9.52595469708481
fool,9.52595469708481
wander,9.52595469708481
flies,9.52595469708481
vibration,9.52595469708481
cliff,9.52595469708481
occur,9.52595469708481
arrives,9.52595469708481
clasp,9.52595469708481
traumatize,9.52595469708481
whisper,9.52595469708481
haha,9.52595469708481
gold,9.52595469708481
covered,8.832807516524865
liqueur,9.120489588976646
disturb,9.120489588976646
insolent,9.52595469708481
develop,9.52595469708481
clearer,9.52595469708481
outrageous,9.52595469708481
mortals,9.120489588976646
schoolchildren,9.52595469708481
replacements,9.52595469708481
states,9.52595469708481
waist,9.52595469708481
renewing,9.52595469708481
exceptions,9.52595469708481
patronize,9.52595469708481
screw,9.52595469708481
sweetheart,9.52595469708481
crappy,9.52595469708481
emails,9.52595469708481
stationed,9.52595469708481
bagdad,9.52595469708481
tanks,9.52595469708481
honest,9.120489588976646
chance,8.832807516524865
involved,9.52595469708481
soldier,9.52595469708481
email,9.52595469708481
videos,9.52595469708481
weekend,8.832807516524865
assume,9.52595469708481
bat,9.120489588976646
assumed,9.52595469708481
waterfalls,9.120489588976646
climb,8.609663965210654
camping,9.120489588976646
climbing,9.52595469708481
pool,9.120489588976646
waterfall,9.52595469708481
algae,9.52595469708481
slide,9.52595469708481
accidentally,9.52595469708481
slipped,9.52595469708481
dramatic,9.52595469708481
midwest,9.120489588976646
awe,8.832807516524865
grandkids,9.52595469708481
acclimated,9.52595469708481
oooh,9.52595469708481
temping,9.52595469708481
profession,9.52595469708481
oriented,9.52595469708481
forth,9.52595469708481
bar,9.52595469708481
bars,9.120489588976646
wise,9.52595469708481
personality,9.52595469708481
abrasive,8.832807516524865
entitled,9.52595469708481
defensive,9.120489588976646
recognize,9.52595469708481
relatively,9.52595469708481
selling,9.120489588976646
pot,9.120489588976646
topper,9.52595469708481
skills,9.52595469708481
juggling,9.52595469708481
dress,9.52595469708481
clown,9.120489588976646
juggler,9.52595469708481
clowns,9.52595469708481
demeaning,9.52595469708481
blank,9.52595469708481
drawing,9.52595469708481
ryan,8.832807516524865
personable,9.52595469708481
iowa,9.52595469708481
slight,9.52595469708481
unloaded,9.52595469708481
sea,9.52595469708481
grandfather,9.52595469708481
remains,9.52595469708481
distribute,9.52595469708481
suggestion,9.52595469708481
legal,9.120489588976646
confiscated,9.120489588976646
biohazard,9.52595469708481
shotty,9.52595469708481
fighter,9.52595469708481
design,9.52595469708481
lighting,9.52595469708481
designer,9.52595469708481
costume,9.52595469708481
hurting,9.52595469708481
healthy,9.52595469708481
grieve,9.52595469708481
study,9.52595469708481
theater,9.52595469708481
bragging,9.52595469708481
lake,9.52595469708481
tradeoff,9.52595469708481
community,9.52595469708481
consider,9.52595469708481
surrounding,9.52595469708481
dudes,9.52595469708481
native,9.52595469708481
indian,9.52595469708481
academic,9.52595469708481
grant,9.52595469708481
debt,9.52595469708481
restated,9.52595469708481
connection,8.609663965210654
repeat,9.52595469708481
modem,9.52595469708481
reset,9.120489588976646
ip,8.609663965210654
router,9.52595469708481
pin,9.52595469708481
pinned,9.52595469708481
consistently,9.52595469708481
cable,8.832807516524865
windows,9.52595469708481
doorways,9.52595469708481
squished,9.52595469708481
disrupted,9.52595469708481
compressed,9.52595469708481
create,9.52595469708481
button,9.52595469708481
diagnostic,9.52595469708481
basic,9.52595469708481
click,9.52595469708481
directory,9.52595469708481
enter,9.120489588976646
numbers,9.120489588976646
search,9.52595469708481
zeros,9.120489588976646
cycling,9.52595469708481
cell,9.52595469708481
hassle,9.52595469708481
accountability,9.52595469708481
changing,9.52595469708481
providers,9.52595469708481
anytime,9.52595469708481
gods,9.120489588976646
everytime,9.52595469708481
perspective,9.52595469708481
lets,9.52595469708481
coastline,9.52595469708481
internal,9.52595469708481
decisions,9.52595469708481
magical,9.52595469708481
neatly,9.52595469708481
washing,9.52595469708481
coat,9.52595469708481
eating,9.52595469708481
spa,9.52595469708481
roue,9.120489588976646
hum,9.52595469708481
slightest,9.52595469708481
minuet,9.52595469708481
photography,9.52595469708481
tire,9.52595469708481
ja,9.52595469708481
pray,9.52595469708481
pig,9.52595469708481
endless,9.52595469708481
beauty,9.52595469708481
stake,9.52595469708481
below,9.52595469708481
roues,9.52595469708481
